time,Vmax,count_rhs,errorSrel,errorPSIrel,errorSabs,errorPSIabs,maxPSI,minPSI,maxS,minS,fmax,ratio_addition
0,0,0,0,0,0,0,0,0,0,0,0,0
0.100000000000000006,1.00000000000000461e-09,10,0,0,0,0,0,0,0,0,7.2172381178700551e-15,0
1.10000000000000009,9.9999999999997566e-10,5,0,0,0,0,0,0,0,0,8.60728033943140922e-15,0
11.0999999999999996,9.99999999997842982e-10,5,0,0,0,0,0,0,0,0,9.21249162876695404e-15,0
111.099999999999994,9.99999999788310481e-10,4,0,0,0,0,0,0,0,0,1.01590513468518705e-14,0
735.029731891989741,9.999999949269359e-10,7,0,0,0,0,0,0,0,0,7.43979117582837172e-15,0
1654.49162468563554,9.99999977369099716e-10,6,0,0,0,0,0,0,0,0,8.1959162342636267e-15,0
2506.97230291080086,9.99999952087328284e-10,5,0,0,0,0,0,0,0,0,9.87417385568389839e-15,0
4591.27656156771081,9.99999863755746008e-10,6,0,0,0,0,0,0,0,0,6.97737180407717285e-15,0
7247.25835424662819,9.99999709202654356e-10,6,0,0,0,0,0,0,0,0,8.26736418549320169e-15,0
10326.2548661918026,9.99999492447963953e-10,7,0,0,0,0,0,0,0,0,6.25644518818454175e-15,0
13372.0011032237653,9.99999252933864699e-10,8,0,0,0,0,0,0,0,0,5.05027791692481989e-15,0
17591.9790797017376,9.99998896412841443e-10,7,0,0,0,0,0,0,0,0,7.55425093899573418e-15,0
23139.2008305772979,9.99998399920340198e-10,7,0,0,0,0,0,0,0,0,1.09661416411190813e-14,0
30361.8744323227947,9.99997720833313161e-10,9,0,0,0,0,0,0,0,0,7.5206373052303856e-15,0
32146.7177871800559,9.99997547788725474e-10,8,0,0,0,0,0,0,0,0,5.55477295984185981e-15,0
35171.3012680611864,9.99997250993089482e-10,6,0,0,0,0,0,0,0,0,1.02372310403173705e-14,0
41216.8049640649479,9.99996647624681416e-10,6,0,0,0,0,0,0,0,0,7.28271100356392781e-15,0
55279.0133985002394,9.99995207102952957e-10,9,0,0,0,0,0,0,0,0,7.66267878863979665e-15,0
67287.3059411765425,9.99993951027955747e-10,17,0,0,0,0,0,0,0,0,6.3340985788863181e-15,0
78616.8282216283988,9.99992749401316684e-10,7,0,0,0,0,0,0,0,0,7.40132592118204166e-15,0
92861.2841836889274,9.99991220924919274e-10,6,0,0,0,0,0,0,0,0,6.37304431090402664e-15,0
109561.29967792664,9.99989408119688223e-10,6,0,0,0,0,0,0,0,0,7.54590603057677438e-15,0
133448.389159102575,9.99986783504819164e-10,8,0,0,0,0,0,0,0,0,9.61074308902071427e-15,0
161247.38507572221,9.99983689328609542e-10,7,0,0,0,0,0,0,0,0,6.89233089723909052e-15,0
194851.477424683049,9.99979901039865978e-10,9,0,0,0,0,0,0,0,0,9.70763746260381821e-15,0
231912.255125264055,9.99975668930662924e-10,7,0,0,0,0,0,0,0,0,8.04928116922381402e-15,0
276628.4604548887,9.9997049523653503e-10,8,0,0,0,0,0,0,0,0,8.79300947743774247e-15,0
326693.591782816919,9.99964622460608205e-10,8,0,0,0,0,0,0,0,0,7.46082640527537482e-15,0
390467.049571025418,9.99957029583651597e-10,10,0,0,0,0,0,0,0,0,3.91967347385344768e-15,0
462825.974870147533,9.99948274062167968e-10,7,0,0,0,0,0,0,0,0,1.44051939196330024e-14,0
554039.427810668945,9.99937042218659507e-10,7,0,0,0,0,0,0,0,0,7.3787778921320133e-15,0
656814.430423921091,9.99924146582538533e-10,8,0,0,0,0,0,0,0,0,6.63929160772404514e-15,0
784011.393566041486,9.99907864507778334e-10,7,0,0,0,0,0,0,0,0,8.48773173632020216e-15,0
926722.520600384683,9.99889206333087814e-10,8,0,0,0,0,0,0,0,0,8.53809889616745403e-15,0
1104955.27288221754,9.99865375229168068e-10,8,0,0,0,0,0,0,0,0,8.60915898654370597e-15,0
1305769.99987317808,9.998378778796321e-10,6,0,0,0,0,0,0,0,0,1.27315365993075135e-14,0
1557611.52495200979,9.99802509423912766e-10,7,0,0,0,0,0,0,0,0,7.90393156715433924e-15,0
1841409.42211309331,9.99761567125485987e-10,6,0,0,0,0,0,0,0,0,7.57891755881491965e-15,0
2195834.11049650749,9.99708956164795054e-10,7,0,0,0,0,0,0,0,0,7.07280679179774106e-15,0
2594670.77904742444,9.99647933994330934e-10,9,0,0,0,0,0,0,0,0,6.99763563797213349e-15,0
3092485.61920418357,9.99569280704469393e-10,7,0,0,0,0,0,0,0,0,6.9201752177539178e-15,0
3652789.03149956651,9.99492591960193252e-10,6,0,0,0,0,0,0,0,0,9.49194298179347175e-15,0
4353349.02038626,9.99495693622165941e-10,8,0,0,0,0,0,0,0,0,8.15784215043384081e-15,0
5142255.86570761725,9.99513211584829482e-10,6,0,0,0,0,0,0,0,0,7.34427686506528225e-15,0
6128390.03642330598,9.99549198534379346e-10,6,0,0,0,0,0,0,0,0,9.8257487893587107e-15,0
7238629.59346665908,9.99601154109111196e-10,6,0,0,0,0,0,0,0,0,6.27252260930058324e-15,0
8625666.39401587471,9.99672037522441772e-10,7,0,0,0,0,0,0,0,0,7.04070437503211078e-15,0
10187079.7205511108,9.99746726202082003e-10,6,0,0,0,0,0,0,0,0,9.92125263624393539e-15,0
12138214.061484037,9.99811787613987386e-10,7,0,0,0,0,0,0,0,0,8.4473740657266891e-15,0
14334874.8812210746,9.99821523083445306e-10,7,0,0,0,0,0,0,0,0,7.27038755678309133e-15,0
17080220.4748248197,9.99698150950454099e-10,7,0,0,0,0,0,0,0,0,7.13876762473568926e-15,0
20171096.294300843,9.99329834216340762e-10,7,0,0,0,0,0,0,0,0,7.74261658304955265e-15,0
24033545.7955223471,9.98456461651164826e-10,6,0,0,0,0,0,0,0,0,7.20213071036524892e-15,0
28381925.9720290452,9.96855977165979432e-10,7,0,0,0,0,0,0,0,0,9.51955795490294012e-15,0
33815667.6143962964,9.93864552654668591e-10,7,0,0,0,0,0,0,0,0,9.30179611482252968e-15,0
39933054.0284958109,9.91264576918370557e-10,8,0,0,0,0,0,0,0,0,8.76837466492838255e-15,0
47577730.2498903424,9.89657190441497278e-10,7,0,0,0,0,0,0,0,0,1.07374821108251871e-14,0
56184347.8220956028,9.88033870507792346e-10,7,0,0,0,0,0,0,0,0,7.05570044089142048e-15,0
66939685.3530689329,9.86280241038296403e-10,6,0,0,0,0,0,0,0,0,1.11290444156699921e-14,0
79048318.2251672149,9.84607097476015195e-10,6,0,0,0,0,0,0,0,0,1.245997417308446e-14,0
94179720.8020602912,9.82823157937989422e-10,9,0,0,0,0,0,0,0,0,9.03529449038646465e-15,0
111214967.184681386,9.81002804219567922e-10,8,0,0,0,0,0,0,0,0,1.00496738975841332e-14,0
132502978.663493291,9.78721342780112349e-10,8,0,0,0,0,0,0,0,0,7.29280327973171146e-15,0
156469537.049304843,9.76003141084248152e-10,7,0,0,0,0,0,0,0,0,7.56582932367846416e-15,0
186419376.198111773,9.72425466660762655e-10,8,0,0,0,0,0,0,0,0,8.87302186346669621e-15,0
220137654.514289021,9.68559975379677975e-10,8,0,0,0,0,0,0,0,0,9.68069466472441921e-15,0
260309448.963132322,9.6458756230911476e-10,9,0,0,0,0,0,0,0,0,9.94576797965387886e-15,0
305387119.104713619,9.60898522031485155e-10,7,0,0,0,0,0,0,0,0,1.02997763009061142e-14,0
358969320.573849559,9.57194376651419801e-10,6,0,0,0,0,0,0,0,0,2.45219218709773943e-14,0
419981152.73150748,9.53420590924338708e-10,7,0,0,0,0,0,0,0,0,1.39564833314523483e-14,0
485768142.011715412,9.49763010901241199e-10,7,0,0,0,0,0,0,0,0,2.22626492614100359e-14,0
558041959.776014566,9.46380931265163028e-10,6,0,0,0,0,0,0,0,0,2.57638711207727233e-14,0
641659449.931839705,9.43245345924986934e-10,6,0,0,0,0,0,0,0,0,2.93601650461402117e-14,0
718277321.048051596,9.40826152639447266e-10,7,0,0,0,0,0,0,0,0,1.71583174755807314e-14,0
793456791.242732286,9.38750265106800113e-10,5,0,0,0,0,0,0,0,0,2.50701420688998944e-14,0
871744827.145554304,9.3688203747771369e-10,6,0,0,0,0,0,0,0,0,2.77159161835453247e-14,0
965285001.019001961,9.35038881296429301e-10,6,0,0,0,0,0,0,0,0,3.84219043786318026e-14,0
1072126080.09736812,9.33397937389904191e-10,14,0,0,0,0,0,0,0,0,4.55685543695199956e-14,0
1174971248.64373398,9.32188686364138805e-10,5,0,0,0,0,0,0,0,0,8.00210003455365942e-14,0
1318340181.24502063,9.30907582524820256e-10,6,0,0,0,0,0,0,0,0,6.15645510992044838e-14,0
1365539096.55924106,9.30556580842669782e-10,19,0,0,0,0,0,0,0,0,6.84609134056036503e-14,0
1428363513.13087487,9.30143471533876067e-10,5,0,0,0,0,0,0,0,0,5.9615489389694839e-14,0
1501359564.66317677,9.29750468506687164e-10,5,0,0,0,0,0,0,0,0,6.33445902320300105e-14,0
1568158155.29915118,9.29459596535350893e-10,13,0,0,0,0,0,0,0,0,3.80956503155806344e-14,0
1628391814.1413691,9.29222343754205536e-10,6,0,0,0,0,0,0,0,0,1.14713099845417589e-13,0
1687871588.51909494,9.28998070407165576e-10,18,0,0,0,0,0,0,0,0,3.35610814235812348e-14,0
1743903155.07442689,9.28823426607596114e-10,8,0,0,0,0,0,0,0,0,2.8232844778995716e-14,0
1803709337.07238054,9.28723667525003835e-10,6,0,0,0,0,0,0,0,0,7.17353340727555934e-14,0
1857669749.95780802,9.28717554211801039e-10,8,0,0,0,0,0,0,0,0,4.58007289451806602e-14,0
1906625652.7210722,9.2875948020688497e-10,8,0,0,0,0,0,0,0,0,4.6676318093289381e-14,0
1954442565.32739186,9.2883682211972887e-10,7,0,0,0,0,0,0,0,0,3.71453122295537616e-14,0
1990793818.8030479,9.28928852237371316e-10,15,0,0,0,0,0,0,0,0,8.56762940938900157e-14,0
2019055840.39228868,9.29013769821318775e-10,15,0,0,0,0,0,0,0,0,7.61105465994896634e-14,0
2045017805.53503489,9.29077954562142542e-10,7,0,0,0,0,0,0,0,0,6.17158186923813704e-14,0
2071613764.39740109,9.29094002967361221e-10,9,0,0,0,0,0,0,0,0,3.28322951975271805e-14,0
2097865456.66954255,9.2903624951219833e-10,7,0,0,0,0,0,0,0,0,5.8484622785964872e-14,0
2124577420.04392409,9.28918630141463944e-10,8,0,0,0,0,0,0,0,0,1.36317884544837446e-13,0
2149896462.55031633,9.28804434572276636e-10,5,0,0,0,0,0,0,0,0,6.73801520222959956e-14,0
2172704074.97938251,9.28741712529023977e-10,8,0,0,0,0,0,0,0,0,3.20578750570933871e-14,0
2195999473.00183773,9.28733186690152068e-10,7,0,0,0,0,0,0,0,0,7.66768919051514154e-14,0
2227125055.76129913,9.28799293037983836e-10,7,0,0,0,0,0,0,0,0,5.63387947810758379e-14,0
2266490283.46543217,9.28951938444367579e-10,5,0,0,0,0,0,0,0,0,9.50178269369472962e-14,0
2316182360.88342714,9.29139135333527011e-10,6,0,0,0,0,0,0,0,0,1.48780069936454412e-13,0
2380475269.68760443,9.29257844087234184e-10,5,0,0,0,0,0,0,0,0,1.0188561859807804e-13,0
2438168395.3959527,9.29242410549279123e-10,10,0,0,0,0,0,0,0,0,1.58004326163920676e-13,0
2479935476.84886742,9.29218835630404688e-10,11,0,0,0,0,0,0,0,0,5.37133800269685443e-14,0
2518392102.59474468,9.29214236408555599e-10,5,0,0,0,0,0,0,0,0,1.10723983294148513e-13,0
2572358670.54426479,9.292366306270737e-10,5,0,0,0,0,0,0,0,0,8.00645492892335126e-14,0
2632811816.53868246,9.29262439385602156e-10,6,0,0,0,0,0,0,0,0,6.27906287501351211e-14,0
2694713194.05642223,9.29260475118715722e-10,6,0,0,0,0,0,0,0,0,9.59691887328092847e-14,0
2750521545.18563128,9.29277223917197174e-10,6,0,0,0,0,0,0,0,0,8.25995927980771171e-14,0
2800765983.83531952,9.29350197790742821e-10,5,0,0,0,0,0,0,0,0,1.53548715581643955e-13,0
2847982316.30607224,9.29441131474879489e-10,9,0,0,0,0,0,0,0,0,1.2651102529925381e-13,0
2896927202.77799892,9.29489860818375957e-10,11,0,0,0,0,0,0,0,0,3.18314834639353017e-14,0
2947571928.5369277,9.29469602694228557e-10,8,0,0,0,0,0,0,0,0,6.52517428691539717e-14,0
3003148918.33287907,9.29427657042400607e-10,5,0,0,0,0,0,0,0,0,1.1288763915297847e-13,0
3066210355.8617363,9.29426415116750257e-10,7,0,0,0,0,0,0,0,0,8.03858672216057624e-14,0
3140468219.59013653,9.29469854216182131e-10,6,0,0,0,0,0,0,0,0,1.08553265244612578e-13,0
3231074081.56089258,9.29506624107903275e-10,6,0,0,0,0,0,0,0,0,1.51459301218223626e-13,0
3335290743.66243362,9.29501451406794539e-10,5,0,0,0,0,0,0,0,0,1.4978486810658715e-13,0
3464427766.93368196,9.29501940258511006e-10,6,0,0,0,0,0,0,0,0,1.34819996821914759e-13,0
3588981106.627563,9.29547208778534484e-10,9,0,0,0,0,0,0,0,0,1.07226028432577264e-13,0
3733551447.57917786,9.29583313576479129e-10,5,0,0,0,0,0,0,0,0,1.24084456023741828e-13,0
3893251209.68475342,9.2953931876812246e-10,5,0,0,0,0,0,0,0,0,1.3181533144703021e-13,0
4052419736.99469423,9.29542514646850657e-10,6,0,0,0,0,0,0,0,0,2.33170430884135704e-13,0
4181143513.81091452,9.29616587004903648e-10,12,0,0,0,0,0,0,0,0,9.74181467006115492e-14,0
4300750151.14491844,9.29649719695504874e-10,5,0,0,0,0,0,0,0,0,1.84974042387922196e-13,0
4418157645.051054,9.29637979422553077e-10,6,0,0,0,0,0,0,0,0,1.24470365740548289e-13,0
4528557200.00814533,9.29686901370190322e-10,14,0,0,0,0,0,0,0,0,1.7120008450092539e-13,0
4555553049.19885731,9.2972226729528623e-10,9,0,0,0,0,0,0,0,0,1.22267140695711329e-13,0
4602963587.15780926,9.29815884403720002e-10,8,0,0,0,0,0,0,0,0,9.98881002700760909e-14,0
4616774132.45622063,9.29853924589127044e-10,10,0,0,0,0,0,0,0,0,1.12955500714596992e-13,0
4639817038.7700901,9.29944195160519329e-10,6,0,0,0,0,0,0,0,0,1.49237131199569082e-13,0
4646899332.90426064,9.2998433710093588e-10,7,0,0,0,0,0,0,0,0,2.192479233385608e-13,0
4659269131.23487091,9.30088200817780311e-10,8,0,0,0,0,0,0,0,0,1.58184205488170133e-13,0
4663003013.33925247,9.30135311415342475e-10,8,0,0,0,0,0,0,0,0,1.06191061793744249e-13,0
4668799991.31724739,9.30245477415645811e-10,8,0,0,0,0,0,0,0,0,1.41959463872197746e-13,0
4670363191.29442596,1.06848786046457532e-09,8,0,0,0,0,0,0,0,0,1.02734696770800176e-13,0
4672863691.29030132,1.90020332451349738e-09,8,0,0,0,0,0,0,0,0,8.28417918805182023e-14,0
4673549508.64687252,2.40198171688697424e-09,10,0,0,0,0,0,0,0,0,7.00381312105573628e-14,0
4674669063.70148087,4.25321759288192883e-09,7,0,0,0,0,0,0,0,0,2.29699058115922543e-13,0
4674979431.4588604,5.3846416306678633e-09,7,0,0,0,0,0,0,0,0,1.62499570996111733e-13,0
4675487375.15475178,9.63760533748658451e-09,7,0,0,0,0,0,0,0,0,1.30450180988790275e-13,0
4675626214.12474537,1.22407480393829252e-08,7,0,0,0,0,0,0,0,0,2.56434859938984936e-13,0
4675850878.68666553,2.2011736662642392e-08,7,0,0,0,0,0,0,0,0,2.08233605611754703e-13,0
4675911918.60405064,2.79920670625929538e-08,8,0,0,0,0,0,0,0,0,1.93640029326715197e-13,0
4676010303.15912628,5.04434068898124993e-08,7,0,0,0,0,0,0,0,0,1.75335394809889283e-13,0
4676037027.88837814,6.42272291213423337e-08,8,0,0,0,0,0,0,0,0,3.00477086254800235e-13,0
4676080064.75356674,1.16255232491426492e-07,8,0,0,0,0,0,0,0,0,1.28132573162453057e-13,0
4676091725.72979832,1.48316332799088476e-07,10,0,0,0,0,0,0,0,0,1.70804787435446769e-13,0
4676110447.84295273,2.69973305312011838e-07,8,0,0,0,0,0,0,0,0,1.44873537820815205e-13,0
4676115499.65098095,3.45180710823201099e-07,9,0,0,0,0,0,0,0,0,9.62323409364233255e-14,0
4676123578.50855255,6.31814029865411439e-07,6,0,0,0,0,0,0,0,0,1.52156996249891385e-13,0
4676125750.30765438,8.09616879828866606e-07,9,0,0,0,0,0,0,0,0,1.06138239273152906e-13,0
4676129210.85514927,1.49077177148122818e-06,8,0,0,0,0,0,0,0,0,7.5401365692195644e-14,0
4676130137.70904922,1.91503090273371133e-06,8,0,0,0,0,0,0,0,0,2.26636847945177669e-13,0
4676131608.96780205,3.55064074394852235e-06,6,0,0,0,0,0,0,0,0,2.14044383986675428e-13,0
4676132001.32111263,4.57417780111406867e-06,11,0,0,0,0,0,0,0,0,1.45584192170785053e-13,0
4676132621.3866396,8.54920041304580409e-06,9,0,0,0,0,0,0,0,0,6.18558967706864413e-14,0
4676132785.91771317,1.10502627764859203e-05,10,0,0,0,0,0,0,0,0,2.89688415482463154e-13,0
4676133044.62226582,2.08486663652864037e-05,8,0,0,0,0,0,0,0,0,6.58596147800701073e-14,0
4676133112.87336826,2.70541117300327665e-05,8,0,0,0,0,0,0,0,0,1.81632491096927571e-13,0
4676133219.56290627,5.16299088345027689e-05,7,0,0,0,0,0,0,0,0,9.64124630108856062e-14,0
4676133247.51766586,6.73194712808178347e-05,10,0,0,0,0,0,0,0,0,6.94619749297509574e-14,0
4676133290.91324329,0.000130315854939385848,8,0,0,0,0,0,0,0,0,1.26978470894875749e-13,0
4676133302.18918228,0.000170938722322513633,9,0,0,0,0,0,0,0,0,1.9046657544744992e-13,0
4676133319.54621601,0.000336949555189823276,6,0,0,0,0,0,0,0,0,1.49265806573245898e-13,0
4676133324.00989914,0.000445341867288297851,9,0,0,0,0,0,0,0,0,1.30289715380725225e-13,0
4676133330.81058693,0.000898197352827787812,7,0,0,0,0,0,0,0,0,9.84650555016647421e-14,0
4676133332.53745747,0.00119814059352034452,8,0,0,0,0,0,0,0,0,2.07231813869159561e-13,0
4676133335.13695812,0.00248069849573710277,8,0,0,0,0,0,0,0,0,1.00357154268303012e-13,0
4676133335.78772736,0.00333919028365289253,8,0,0,0,0,0,0,0,0,1.98182026429358231e-13,0
4676133336.75615025,0.00702110239406342033,8,0,0,0,0,0,0,0,0,3.02547318673856192e-14,0
4676133336.99636364,0.00944377764658434378,9,0,0,0,0,0,0,0,0,7.53372136956531909e-14,0
4676133337.35383892,0.0190371041794436223,7,0,0,0,0,0,0,0,0,1.72148064986394982e-13,0
4676133337.44412136,0.0247867068191836779,9,0,0,0,0,0,0,0,0,8.99135697462810965e-15,0
4676133337.5841856,0.0437904581047390967,6,0,0,0,0,0,0,0,0,1.77761669079500809e-13,0
4676133337.71150589,0.10443799787225419,16,0,0,0,0,0,0,0,0,1.60043509400499114e-13,0
4676133337.74163532,0.137519327412571529,9,0,0,0,0,0,0,0,0,1.13074435660018899e-13,0
4676133337.78400135,0.214731253858372523,7,0,0,0,0,0,0,0,0,1.59162071543261785e-13,0
4676133337.83284378,0.392782002474040159,8,0,0,0,0,0,0,0,0,8.81543102404513945e-14,0
4676133337.87812138,0.717345548682796208,15,0,0,0,0,0,0,0,0,1.58687744329220818e-13,0
4676133337.88721085,0.803045590608662985,28,0,0,0,0,0,0,0,0,2.69226754441188241e-14,0
4676133337.89847565,0.903376496502402926,8,0,0,0,0,0,0,0,0,7.01431273100413348e-14,0
4676133337.91087437,0.976660834289783453,6,0,0,0,0,0,0,0,0,2.05446770706885218e-13,0
4676133337.91653156,0.98860293223860285,19,0,0,0,0,0,0,0,0,8.03891476165838134e-14,0
4676133337.92358017,0.986546960169213172,5,0,0,0,0,0,0,0,0,3.0001023925613169e-13,0
4676133337.93166351,0.971366360889342362,6,0,0,0,0,0,0,0,0,1.00770250823440858e-13,0
4676133337.93995571,0.951885573824196363,9,0,0,0,0,0,0,0,0,1.08357767203415278e-13,0
4676133337.9482317,0.930411081906079351,11,0,0,0,0,0,0,0,0,1.38952542449873604e-13,0
4676133337.95578861,0.908766978217736998,6,0,0,0,0,0,0,0,0,2.28705943072782247e-13,0
4676133337.96273232,0.888591070961686436,6,0,0,0,0,0,0,0,0,2.49696046968146955e-13,0
4676133337.96945572,0.870037588329717559,5,0,0,0,0,0,0,0,0,1.30445909593749969e-13,0
4676133337.97711277,0.850023152068237753,5,0,0,0,0,0,0,0,0,3.07753822426093393e-13,0
4676133337.9870472,0.824869133996602222,5,0,0,0,0,0,0,0,0,2.42225075319630842e-13,0
4676133337.99721622,0.799941514164347334,7,0,0,0,0,0,0,0,0,7.70139549241978564e-14,0
4676133338.00906181,0.772261967881632261,5,0,0,0,0,0,0,0,0,8.58133991654425748e-14,0
4676133338.0290575,0.728535506152504841,8,0,0,0,0,0,0,0,0,2.14270909229628131e-13,0
4676133338.05488873,0.676713424856501322,7,0,0,0,0,0,0,0,0,7.36570838501780789e-14,0
4676133338.08676338,0.618773814072583805,7,0,0,0,0,0,0,0,0,2.34939352606670914e-13,0
4676133338.118577,0.566457044728239212,6,0,0,0,0,0,0,0,0,2.37654080442739613e-13,0
4676133338.15711689,0.509353869684305072,6,0,0,0,0,0,0,0,0,2.50931345334283306e-13,0
4676133338.18098831,0.477027850564473055,21,0,0,0,0,0,0,0,0,1.35726499483901364e-13,0
4676133338.21526527,0.434211305228704936,8,0,0,0,0,0,0,0,0,8.05215942774145342e-14,0
4676133338.25780296,0.386361123790578853,6,0,0,0,0,0,0,0,0,1.05705120396870727e-13,0
4676133338.30677128,0.337794548902322356,6,0,0,0,0,0,0,0,0,2.26949189015343883e-13,0
4676133338.35473537,0.296358989932911654,5,0,0,0,0,0,0,0,0,1.81188397618825547e-13,0
4676133338.37302113,0.282013087757223724,17,0,0,0,0,0,0,0,0,2.50716114535975976e-13,0
4676133338.39681911,0.264420717467849842,6,0,0,0,0,0,0,0,0,1.91069382537989441e-13,0
4676133338.4228878,0.246468493301072761,7,0,0,0,0,0,0,0,0,1.08135722598490247e-13,0
4676133338.44897652,0.229873245194847781,6,0,0,0,0,0,0,0,0,1.5265414959710138e-13,0
4676133338.47476292,0.214891229703948444,7,0,0,0,0,0,0,0,0,1.58428825614009838e-13,0
4676133338.49872684,0.202307154813195972,7,0,0,0,0,0,0,0,0,1.30673249998380925e-13,0
4676133338.52298069,0.190918118023729266,7,0,0,0,0,0,0,0,0,1.4259469540236293e-13,0
4676133338.55367756,0.178446805553393151,9,0,0,0,0,0,0,0,0,1.53862538504880418e-14,0
4676133338.59795475,0.172659727286405384,7,0,0,0,0,0,0,0,0,1.59872115546022542e-13,0
4676133338.63954067,0.201068865398287333,6,0,0,0,0,0,0,0,0,1.40154134663127068e-13,0
4676133338.6793766,0.230722768816608026,7,0,0,0,0,0,0,0,0,1.49433019863524071e-13,0
4676133338.72919464,0.271859688031208413,8,0,0,0,0,0,0,0,0,1.63011694939909507e-13,0
4676133338.8088026,0.349374371597494682,9,0,0,0,0,0,0,0,0,2.38919994899333687e-13,0
4676133338.89869308,0.460612896985886033,11,0,0,0,0,0,0,0,0,1.72306613421824295e-13,0
4676133338.94965553,0.536382025797369377,17,0,0,0,0,0,0,0,0,2.30482299912182498e-13,0
4676133338.97562599,0.571479733339680385,15,0,0,0,0,0,0,0,0,1.8163248682867561e-13,0
4676133338.99628353,0.582386972693281768,13,0,0,0,0,0,0,0,0,1.62092561595272855e-13,0
4676133339.01565742,0.557516810645406924,6,0,0,0,0,0,0,0,0,9.68114477473136503e-14,0
4676133339.03415489,0.494459984175951495,14,0,0,0,0,0,0,0,0,4.41159187016958476e-14,0
4676133339.05156994,0.419831110158708942,6,0,0,0,0,0,0,0,0,1.31503978100308749e-13,0
4676133339.05822563,0.398125944095316597,20,0,0,0,0,0,0,0,0,1.14352971536391124e-13,0
4676133339.06643772,0.378283092321760994,7,0,0,0,0,0,0,0,0,5.03630074516552502e-14,0
4676133339.07592297,0.355562592883538531,6,0,0,0,0,0,0,0,0,9.12840178433596507e-14,0
4676133339.08665752,0.331093149365631223,10,0,0,0,0,0,0,0,0,7.24556318136395553e-14,0
4676133339.09831047,0.306241510920141402,7,0,0,0,0,0,0,0,0,1.66533453693773481e-13,0
4676133339.11002159,0.283470583326074277,6,0,0,0,0,0,0,0,0,4.45248890973381586e-14,0
4676133339.12221622,0.262642540625914078,5,0,0,0,0,0,0,0,0,1.44874353597295448e-13,0
4676133339.13760853,0.258546776481406781,7,0,0,0,0,0,0,0,0,1.61870516990347824e-13,0
4676133339.16042995,0.251663123689794044,6,0,0,0,0,0,0,0,0,1.30229160788530862e-13,0
4676133339.18748093,0.241689401959110206,7,0,0,0,0,0,0,0,0,1.19682042054591875e-13,0
4676133339.21981144,0.228481921428642681,9,0,0,0,0,0,0,0,0,9.56717448051271659e-14,0
4676133339.25204659,0.214544481528800984,5,0,0,0,0,0,0,0,0,2.17714735128993198e-13,0
4676133339.29018307,0.198081812266262286,5,0,0,0,0,0,0,0,0,3.09419156963031128e-13,0
4676133339.33217525,0.180431247489531932,5,0,0,0,0,0,0,0,0,9.84767822842513851e-14,0
4676133339.38251686,0.160492194378132697,7,0,0,0,0,0,0,0,0,7.3496764230185363e-14,0
4676133339.46647835,0.130904204771311011,5,0,0,0,0,0,0,0,0,2.53519427673154496e-13,0
4676133339.55890274,0.103779980901915481,7,0,0,0,0,0,0,0,0,1.26731958260961619e-13,0
4676133339.64539433,0.0831992985065237861,6,0,0,0,0,0,0,0,0,1.63091762317435496e-13,0
4676133339.74293804,0.0647529236569405892,8,0,0,0,0,0,0,0,0,1.64090963039598137e-13,0
4676133339.84699154,0.0629405632129749204,5,0,0,0,0,0,0,0,0,3.0297986342020522e-13,0
4676133339.96149254,0.0775890602152983777,6,0,0,0,0,0,0,0,0,2.37032615757470921e-13,0
4676133340.08254337,0.114474107184340326,10,0,0,0,0,0,0,0,0,1.59094959428784932e-13,0
4676133340.19992924,0.168028286213845524,8,0,0,0,0,0,0,0,0,1.51212375953946321e-13,0
4676133340.31964207,0.257844551649341946,9,0,0,0,0,0,0,0,0,1.30229160788530862e-13,0
4676133340.35809898,0.299304126862200537,18,0,0,0,0,0,0,0,0,1.5709655798445965e-13,0
4676133340.40762329,0.365631968161620191,5,0,0,0,0,0,0,0,0,1.19404486298435586e-13,0
4676133340.46055698,0.455463321924063413,8,0,0,0,0,0,0,0,0,1.67865721323323669e-13,0
4676133340.48523426,0.504085531120045505,19,0,0,0,0,0,0,0,0,1.1879386363489175e-13,0
4676133340.51621246,0.567536192335345135,5,0,0,0,0,0,0,0,0,2.26041407813681872e-13,0
4676133340.54585648,0.607156288142348788,13,0,0,0,0,0,0,0,0,2.70117261891300586e-13,0
4676133340.57352257,0.564743963076842048,6,0,0,0,0,0,0,0,0,1.25455201782642689e-13,0
4676133340.58112812,0.53274239790136324,19,0,0,0,0,0,0,0,0,1.42885703269257647e-13,0
4676133340.58984089,0.490293195081972555,5,0,0,0,0,0,0,0,0,3.05089287166993017e-13,0
4676133340.59949303,0.442934520736671278,5,0,0,0,0,0,0,0,0,1.99396055222678115e-13,0
4676133340.61055374,0.394265783678884096,6,0,0,0,0,0,0,0,0,1.85407245112401142e-13,0
4676133340.62205696,0.350600392258576476,7,0,0,0,0,0,0,0,0,2.67563748934662726e-13,0
4676133340.63352013,0.312589358526947358,8,0,0,0,0,0,0,0,0,1.30705199424473348e-13,0
4676133340.64438915,0.28128652976049584,7,0,0,0,0,0,0,0,0,8.02878269470169693e-14,0
4676133340.65488625,0.25540128124143302,5,0,0,0,0,0,0,0,0,1.91402449445376988e-13,0
4676133340.66693401,0.230151824408893035,6,0,0,0,0,0,0,0,0,7.54951656745106447e-14,0
4676133340.68251324,0.202842104232301146,5,0,0,0,0,0,0,0,0,2.01616501271928428e-13,0
4676133340.70277214,0.173950687750888205,6,0,0,0,0,0,0,0,0,2.45914399954472174e-13,0
4676133340.72378826,0.150009406575823789,5,0,0,0,0,0,0,0,0,2.09277040141842008e-13,0
4676133340.75649452,0.12135239948017161,5,0,0,0,0,0,0,0,0,1.28896893158980674e-13,0
4676133340.79552746,0.0965434132814602664,5,0,0,0,0,0,0,0,0,2.52464715799760597e-13,0
4676133340.8430748,0.0749916031507027875,5,0,0,0,0,0,0,0,0,1.57041046833228393e-13,0
4676133340.89730263,0.0579685624742312181,8,0,0,0,0,0,0,0,0,1.57235335862537795e-13,0
4676133340.94987106,0.046338102205860536,6,0,0,0,0,0,0,0,0,1.28397292797899354e-13,0
4676133341.00621414,0.0492423503335775031,6,0,0,0,0,0,0,0,0,1.68781655318639423e-13,0
4676133341.07222462,0.0527676235895959064,8,0,0,0,0,0,0,0,0,1.12271303365218955e-13,0
4676133341.1455946,0.0558523805420199776,5,0,0,0,0,0,0,0,0,2.29635754855905816e-13,0
4676133341.24212551,0.0579129831737659681,6,0,0,0,0,0,0,0,0,1.99687488766642218e-13,0
4676133341.35503483,0.0567988663662840343,6,0,0,0,0,0,0,0,0,6.75848266240564044e-14,0
4676133341.48634624,0.0510540750384876618,6,0,0,0,0,0,0,0,0,1.10217390769662416e-13,0
4676133341.63081741,0.0418144922797628119,10,0,0,0,0,0,0,0,0,1.3481576965901354e-13,0
4676133341.76698208,0.0328721936801243397,7,0,0,0,0,0,0,0,0,1.43621226023071813e-13,0
4676133341.9085207,0.0249439130882481708,5,0,0,0,0,0,0,0,0,2.3100271695497554e-13,0
4676133342.05695343,0.0186233584582827134,6,0,0,0,0,0,0,0,0,2.56433763112795532e-13,0
4676133342.22306824,0.0135889751275985529,7,0,0,0,0,0,0,0,0,1.98403793394419381e-13,0
4676133342.41141224,0.00977405570690719101,6,0,0,0,0,0,0,0,0,2.19123330591486365e-13,0
4676133342.62632751,0.00697491102296020783,5,0,0,0,0,0,0,0,0,2.93192553568744074e-13,0
4676133342.87338448,0.00504351442091027606,7,0,0,0,0,0,0,0,0,1.18887538702594497e-13,0
4676133343.14498806,0.00402915367776336773,7,0,0,0,0,0,0,0,0,1.92238586160797809e-13,0
4676133343.44729233,0.00322123820049463518,9,0,0,0,0,0,0,0,0,2.59185034545694748e-13,0
4676133343.78167534,0.00267092349207745166,9,0,0,0,0,0,0,0,0,1.17674966992886709e-13,0
4676133344.2001524,0.00223205156798756375,7,0,0,0,0,0,0,0,0,1.62465527142607868e-13,0
4676133344.67547131,0.00185814690927253875,7,0,0,0,0,0,0,0,0,9.7754269956507045e-14,0
4676133345.29579163,0.00150363803641401727,10,0,0,0,0,0,0,0,0,6.24162180273835077e-14,0
4676133345.99480343,0.00122132028283261033,7,0,0,0,0,0,0,0,0,1.18002829729846326e-13,0
4676133346.84156895,0.000981956270146908941,8,0,0,0,0,0,0,0,0,5.46988669636316871e-14,0
4676133347.79422665,0.000795249437205594687,7,0,0,0,0,0,0,0,0,2.08806713239417796e-13,0
4676133348.92393589,0.000641550587091806548,10,0,0,0,0,0,0,0,0,1.15243820095935751e-14,0
4676133350.18566513,0.000522543870630417791,7,0,0,0,0,0,0,0,0,1.34539298105029737e-13,0
4676133351.73992443,0.000421016536950363915,7,0,0,0,0,0,0,0,0,1.88442469094274312e-13,0
4676133353.49682999,0.000342178932964260049,7,0,0,0,0,0,0,0,0,1.01487828557678128e-14,0
4676133355.67739391,0.000275022595303282727,7,0,0,0,0,0,0,0,0,1.46079329188530949e-13,0
4676133358.13554764,0.000223410572005738975,6,0,0,0,0,0,0,0,0,2.3140175756455883e-13,0
4676133361.16469955,0.00017988000113473924,8,0,0,0,0,0,0,0,0,9.95614181376058838e-14,0
4676133364.57030487,0.000146509070765962984,7,0,0,0,0,0,0,0,0,2.58621981252468713e-13,0
4676133368.78221512,0.000118226748833621579,7,0,0,0,0,0,0,0,0,2.24619205613924011e-13,0
4676133373.52265644,9.65023058059469497e-05,8,0,0,0,0,0,0,0,0,8.24424621452546358e-15,0
4676133379.41853428,7.79774309239601867e-05,7,0,0,0,0,0,0,0,0,5.44705881962148641e-14,0
4676133386.0608654,6.37360912970408647e-05,7,0,0,0,0,0,0,0,0,2.96832030526397728e-13,0
4676133394.32009506,5.15886318182946042e-05,7,0,0,0,0,0,0,0,0,1.56066728550924294e-13,0
4676133403.61760139,4.22469869660651242e-05,9,0,0,0,0,0,0,0,0,1.38869926842588587e-13,0
4676133415.17857838,3.42651280134954387e-05,6,0,0,0,0,0,0,0,0,2.77825817364928118e-13,0
4676133428.19159985,2.81160923430226394e-05,7,0,0,0,0,0,0,0,0,8.94143564527868917e-14,0
4676133444.39774323,2.2844661347972778e-05,9,0,0,0,0,0,0,0,0,1.34079338885879917e-13,0
4676133462.64444065,1.8776273026529744e-05,6,0,0,0,0,0,0,0,0,1.79248580361264162e-13,0
4676133485.37057877,1.52825298704504512e-05,9,0,0,0,0,0,0,0,0,1.14132416794953394e-13,0
4676133510.95638561,1.25817467845742973e-05,6,0,0,0,0,0,0,0,0,1.57900758169637195e-13,0
4676133542.81748486,1.02586947343445809e-05,6,0,0,0,0,0,0,0,0,1.12968296284328418e-13,0
4676133578.68614292,8.4596633134619132e-06,8,0,0,0,0,0,0,0,0,1.1079765492534371e-13,0
4676133623.36791515,6.90897121594957446e-06,6,0,0,0,0,0,0,0,0,1.09579959513337981e-13,0
4676133673.67007351,5.70604904666949941e-06,7,0,0,0,0,0,0,0,0,2.10512361462447152e-13,0
4676133736.36778545,4.6669772013401635e-06,8,0,0,0,0,0,0,0,0,6.27212777903700912e-14,0
4676133806.95730591,3.85972740787013712e-06,6,0,0,0,0,0,0,0,0,2.22262014565668964e-13,0
4676133894.93351173,3.16151236155113891e-06,6,0,0,0,0,0,0,0,0,1.36366149119514658e-13,0
4676133993.97505188,2.618343821081845e-06,7,0,0,0,0,0,0,0,0,9.89149261698446698e-14,0
4676134117.44577312,2.14777348529314483e-06,9,0,0,0,0,0,0,0,0,1.97523061863605184e-14,0
4676134256.4519825,1.78121858169588876e-06,6,0,0,0,0,0,0,0,0,2.44910618689889018e-13,0
4676134429.7998991,1.46318180681929271e-06,6,0,0,0,0,0,0,0,0,1.10401408995090768e-13,0
4676134624.961236,1.21516926540223861e-06,6,0,0,0,0,0,0,0,0,1.05660865544850895e-13,0
4676134868.3850975,9.99716112192929263e-07,8,0,0,0,0,0,0,0,0,9.95006210772672855e-14,0
4676135142.439291,8.31534705187233036e-07,8,0,0,0,0,0,0,0,0,1.5152207512483453e-14,0
4676135484.31319046,6.85271767582060076e-07,6,0,0,0,0,0,0,0,0,1.5788757558412084e-13,0
4676135869.20097923,5.70998483284046272e-07,8,0,0,0,0,0,0,0,0,6.42309945806912714e-14,0
4676136349.41686535,4.71515691713922159e-07,8,0,0,0,0,0,0,0,0,2.5678199397458174e-13,0
4676136890.05719185,3.93730944524743742e-07,8,0,0,0,0,0,0,0,0,9.52037610816259611e-14,0
4676137564.69565487,3.25955777071587594e-07,7,0,0,0,0,0,0,0,0,1.99359414919955388e-13,0
4676138324.2215519,2.72932485959757003e-07,6,0,0,0,0,0,0,0,0,1.67603677916805158e-13,0
4676139272.10087299,2.55555972657625203e-07,6,0,0,0,0,0,0,0,0,2.02641329346487162e-13,0
4676140339.24584675,2.60085180597234865e-07,8,0,0,0,0,0,0,0,0,1.81123774209673856e-14,0
4676141671.16596603,2.65748077991931664e-07,8,0,0,0,0,0,0,0,0,6.642613296548145e-14,0
4676143170.67183781,2.72206223955713347e-07,6,0,0,0,0,0,0,0,0,2.7669659655596635e-13,0
4676145042.40650558,2.8048806336503902e-07,7,0,0,0,0,0,0,0,0,1.52503345327482823e-13,0
4676147149.64761448,2.90198765786866408e-07,6,0,0,0,0,0,0,0,0,1.3960456529400582e-13,0
4676149780.19001579,3.03046613859889001e-07,6,0,0,0,0,0,0,0,0,1.27175770676326387e-13,0
4676152741.71008778,3.18670415318676192e-07,7,0,0,0,0,0,0,0,0,1.1050350083811166e-13,0
4676156438.90029144,3.40275743112505765e-07,10,0,0,0,0,0,0,0,0,1.18788081078272826e-13,0
4676160601.28835583,3.68047189053880015e-07,8,0,0,0,0,0,0,0,0,1.44456183749693756e-13,0
4676165797.53417301,4.09352955396229329e-07,6,0,0,0,0,0,0,0,0,1.07791361353784011e-13,0
4676171647.85506153,4.68045197328853984e-07,8,0,0,0,0,0,0,0,0,9.8049052807710935e-14,0
4676178935.78418827,5.68968218202049002e-07,6,0,0,0,0,0,0,0,0,1.71078585485028929e-13,0
4676187152.08415508,7.51517955550895342e-07,9,0,0,0,0,0,0,0,0,1.21983517604917139e-14,0
4676195690.58247375,1.12656100519827923e-06,10,0,0,0,0,0,0,0,0,7.81298283050228478e-15,0
4676202366.55292892,1.83992582117111836e-06,14,0,0,0,0,0,0,0,0,2.76759930069700391e-13,0
4676207148.20683479,3.30964909519115664e-06,14,0,0,0,0,0,0,0,0,1.37502498663639636e-13,0
4676208684.55881882,4.35757748276525939e-06,24,0,0,0,0,0,0,0,0,1.33187731676809307e-14,0
4676210563.96196747,6.7082807769294386e-06,9,0,0,0,0,0,0,0,0,1.09004704710506748e-13,0
4676212425.59234428,1.03211218747335802e-05,13,0,0,0,0,0,0,0,0,1.70733966944965978e-13,0
4676213038.27151585,1.09791203307131919e-05,23,0,0,0,0,0,0,0,0,1.9273950958734274e-14,0
4676213761.45310307,1.03442729527343432e-05,6,0,0,0,0,0,0,0,0,1.27804561137797644e-13,0
4676214669.61641502,7.74447417852377835e-06,8,0,0,0,0,0,0,0,0,2.21101202339450367e-13,0
4676215489.83404636,5.46209467680573621e-06,10,0,0,0,0,0,0,0,0,1.90991533433873192e-13,0
4676215793.85151768,4.86885124777956926e-06,24,0,0,0,0,0,0,0,0,2.59458998882154679e-13,0
4676216166.64540482,4.29265938940299071e-06,6,0,0,0,0,0,0,0,0,8.30842585329331863e-14,0
4676216602.60189152,3.75554593238705853e-06,5,0,0,0,0,0,0,0,0,1.3961434630108512e-13,0
4676217082.40029144,3.27633871781360948e-06,5,0,0,0,0,0,0,0,0,1.79347622706176746e-13,0
4676217622.43743706,2.85528444734547003e-06,10,0,0,0,0,0,0,0,0,1.33796883891156709e-14,0
4676218165.67295361,2.53800710287672677e-06,6,0,0,0,0,0,0,0,0,1.82486785030015392e-13,0
4676218733.29767036,2.70521645479799792e-06,9,0,0,0,0,0,0,0,0,9.28975304206837091e-14,0
4676219287.71954918,2.90557791431090461e-06,7,0,0,0,0,0,0,0,0,1.47591817169458404e-14,0
4676219945.73207664,3.11554075398724654e-06,5,0,0,0,0,0,0,0,0,9.36716628513636395e-14,0
4676220858.02353859,3.3366218490921194e-06,7,0,0,0,0,0,0,0,0,1.98929453334789067e-13,0
4676222339.11213112,3.46037596305849322e-06,8,0,0,0,0,0,0,0,0,1.5333320761594797e-13,0
4676224184.5120039,3.14974050640143969e-06,7,0,0,0,0,0,0,0,0,1.77661112716134568e-13,0
4676225669.55919361,2.64321316728709204e-06,15,0,0,0,0,0,0,0,0,1.78130842036814492e-13,0
4676227071.54598522,2.13106401522825191e-06,6,0,0,0,0,0,0,0,0,2.30264086860794371e-13,0
4676228824.08649635,1.61262376964866922e-06,9,0,0,0,0,0,0,0,0,2.09922745215995223e-13,0
4676229625.87969017,1.43664692047092564e-06,22,0,0,0,0,0,0,0,0,9.52934680282726714e-14,0
4676230753.17921829,1.24152520040220855e-06,7,0,0,0,0,0,0,0,0,1.38141281996306126e-14,0
4676232264.09918404,1.05119089652739702e-06,5,0,0,0,0,0,0,0,0,2.13791286987640751e-13,0
4676234082.09615898,8.95100523724274374e-07,6,0,0,0,0,0,0,0,0,2.78757466527950404e-13,0
4676236109.65709496,7.98067231179371257e-07,9,0,0,0,0,0,0,0,0,1.10003281625990961e-14,0
4676238560.84628773,8.21829043031584499e-07,6,0,0,0,0,0,0,0,0,1.33557041853460444e-13,0
4676241217.93991661,8.21745554442640335e-07,7,0,0,0,0,0,0,0,0,8.44100938372953169e-14,0
4676245055.40100479,7.80695749671358666e-07,6,0,0,0,0,0,0,0,0,2.25198018378650186e-13,0
4676249619.54389286,6.88112705414853501e-07,7,0,0,0,0,0,0,0,0,2.41012246747181798e-13,0
4676254697.2329874,5.64620298398815198e-07,9,0,0,0,0,0,0,0,0,1.07635572552730828e-13,0
4676260438.59653282,4.59626065813145184e-07,7,0,0,0,0,0,0,0,0,1.66258012131853539e-13,0
4676267303.98762608,3.82345155858413556e-07,16,0,0,0,0,0,0,0,0,1.12070483923644459e-13,0
4676273651.43604851,3.30050502536416954e-07,6,0,0,0,0,0,0,0,0,2.89140405123803441e-13,0
4676280826.23445702,2.79633538502502236e-07,7,0,0,0,0,0,0,0,0,1.2253177132673051e-14,0
4676287699.49236488,2.40362965684050863e-07,7,0,0,0,0,0,0,0,0,1.46917370245775434e-13,0
4676295515.16866207,2.04762712667184592e-07,6,0,0,0,0,0,0,0,0,1.40104176454757218e-13,0
4676304471.99774933,1.73293798979371441e-07,6,0,0,0,0,0,0,0,0,1.41608065770794454e-13,0
4676313977.0039854,1.47822433648256702e-07,6,0,0,0,0,0,0,0,0,1.59858933489901778e-13,0
4676329730.64919758,1.23471247209654211e-07,7,0,0,0,0,0,0,0,0,1.97828577608043281e-13,0
4676349367.36687851,1.03158888017618095e-07,7,0,0,0,0,0,0,0,0,1.97379878950773379e-13,0
4676372637.13594151,8.58797223363020135e-08,7,0,0,0,0,0,0,0,0,1.52211383605536547e-13,0
4676397566.03529739,7.25538837615726051e-08,7,0,0,0,0,0,0,0,0,1.46633508329326837e-13,0
4676426821.06983852,6.11862634381791737e-08,7,0,0,0,0,0,0,0,0,1.83116069773882066e-13,0
4676459543.95512104,5.19615095248602713e-08,6,0,0,0,0,0,0,0,0,2.15436453895097487e-13,0
4676501495.44545364,4.34655363221886928e-08,7,0,0,0,0,0,0,0,0,2.12811122404525364e-13,0
4676549164.67877674,3.66390260234207287e-08,6,0,0,0,0,0,0,0,0,3.4800954017684288e-13,0
4676603382.38734341,3.10816236898330246e-08,8,0,0,0,0,0,0,0,0,1.17597981088135607e-13,0
4676661839.57102203,2.67412572078123738e-08,8,0,0,0,0,0,0,0,0,1.29441986587632949e-13,0
4676741166.69444561,2.25209313876535137e-08,8,0,0,0,0,0,0,0,0,1.67699952343334572e-13,0
4676832151.84897423,1.91422461405582744e-08,7,0,0,0,0,0,0,0,0,1.54319097050528773e-13,0
4676945847.82130623,1.62014896529822661e-08,6,0,0,0,0,0,0,0,0,1.00595442865771987e-13,0
4677072808.99138641,1.55832519658711356e-08,9,0,0,0,0,0,0,0,0,2.6209507534631347e-14,0
4677228958.67966652,1.6450302525505539e-08,7,0,0,0,0,0,0,0,0,1.38837815684591833e-13,0
4677404630.61644077,1.72746460233212263e-08,10,0,0,0,0,0,0,0,0,1.94375064133303463e-14,0
4677622805.33849812,1.80384947503918856e-08,9,0,0,0,0,0,0,0,0,1.02304137213667113e-13,0
4677868150.39292717,1.84208765334407635e-08,7,0,0,0,0,0,0,0,0,1.44161872717348183e-13,0
4678175755.87365246,1.79546631756035514e-08,6,0,0,0,0,0,0,0,0,3.07131076696963389e-13,0
4678523306.06536674,1.61273597453638123e-08,7,0,0,0,0,0,0,0,0,1.11800651622350749e-13,0
4678830826.57944775,1.38418130386928281e-08,13,0,0,0,0,0,0,0,0,3.27440480461974092e-13,0
4679110585.70384693,1.18009997424244963e-08,8,0,0,0,0,0,0,0,0,1.88706623369763107e-13,0
4679372293.41596222,1.01315485717151291e-08,5,0,0,0,0,0,0,0,0,2.31409052351266927e-13,0
4679742145.71403694,8.31562896086538279e-09,7,0,0,0,0,0,0,0,0,5.76646829515331937e-14,0
4680167246.28002834,6.91500554378637921e-09,16,0,0,0,0,0,0,0,0,1.36254288041021762e-13,0
4680555830.80291271,6.10215997774397227e-09,8,0,0,0,0,0,0,0,0,1.20964848763107999e-13,0
4681017311.68717861,5.93614322952145601e-09,6,0,0,0,0,0,0,0,0,1.47298323030907286e-13,0
4681576705.29424572,7.07814722864636925e-09,11,0,0,0,0,0,0,0,0,2.47051449242523765e-13,0
4682109415.42842674,8.42285416518818687e-09,7,0,0,0,0,0,0,0,0,1.55103210083454295e-13,0
4682888511.59298038,1.08001949297369263e-08,6,0,0,0,0,0,0,0,0,2.84917459935878346e-13,0
4683697976.78476238,1.31847953528147124e-08,8,0,0,0,0,0,0,0,0,9.99915722649830034e-14,0
4684571545.18567467,1.40353792910083314e-08,5,0,0,0,0,0,0,0,0,1.34600301097772094e-13,0
4684848169.48840618,1.37281710221348739e-08,19,0,0,0,0,0,0,0,0,1.90388795928248342e-13,0
4685229221.80851269,1.30034595416536839e-08,5,0,0,0,0,0,0,0,0,1.4900695703752769e-13,0
4685628906.27030373,1.21001216695652541e-08,11,0,0,0,0,0,0,0,0,1.60164484375660634e-13,0
4686018879.21094036,1.11896500975014321e-08,5,0,0,0,0,0,0,0,0,2.35544839175096872e-13,0
4686523182.07823467,1.01020564119561925e-08,7,0,0,0,0,0,0,0,0,1.00696739692788252e-14,0
4687328284.09495258,8.68224158041559457e-09,15,0,0,0,0,0,0,0,0,1.34827363560618246e-13,0
4688097762.18380451,7.66971384655688796e-09,6,0,0,0,0,0,0,0,0,1.44717202552402916e-13,0
4688913840.71695995,6.85112631402070575e-09,6,0,0,0,0,0,0,0,0,2.1142531487207143e-13,0
4689873138.88534069,6.10147782334758517e-09,7,0,0,0,0,0,0,0,0,2.0760682930193609e-13,0
4690809908.04624462,5.52220001781517478e-09,5,0,0,0,0,0,0,0,0,1.50630670763611175e-13,0
4691745278.38981915,5.05402844049071523e-09,8,0,0,0,0,0,0,0,0,1.31697562948229444e-13,0
4692784679.54720402,4.63209233542836586e-09,9,0,0,0,0,0,0,0,0,7.37752501873364149e-15,0
4694269688.59683132,4.15598488665658272e-09,6,0,0,0,0,0,0,0,0,1.98503624996815359e-13,0
4695870124.8236475,3.75385298047450043e-09,5,0,0,0,0,0,0,0,0,1.85352930350540128e-13,0
4698109789.30733871,3.31280099904690418e-09,6,0,0,0,0,0,0,0,0,1.22920024852409713e-13,0
4700655069.76973629,2.9272556452375758e-09,8,0,0,0,0,0,0,0,0,1.28361191595665198e-13,0
4703616909.41520405,2.57932652822006705e-09,6,0,0,0,0,0,0,0,0,2.28511003227693056e-13,0
4706863327.64225101,2.2839213863437768e-09,6,0,0,0,0,0,0,0,0,2.03024138421280124e-13,0
4710637339.5676918,2.01810700006653598e-09,5,0,0,0,0,0,0,0,0,2.5734463041985745e-13,0
4714732695.39278126,1.79632732448686669e-09,7,0,0,0,0,0,0,0,0,1.45663877870219207e-13,0
4719864945.43526936,1.58557927672627961e-09,5,0,0,0,0,0,0,0,0,3.0782698641210057e-13,0
4725810048.03352737,1.40479949552124835e-09,5,0,0,0,0,0,0,0,0,2.58450693114569558e-13,0
4732552834.71692753,1.25352326608986257e-09,8,0,0,0,0,0,0,0,0,1.60843625401926597e-13,0
4740022271.3387661,1.12987993040282427e-09,7,0,0,0,0,0,0,0,0,1.12991550415842427e-13,0
4748554595.06800842,1.02506523357033166e-09,6,0,0,0,0,0,0,0,0,2.85037052645035296e-13,0
4758199259.29407692,9.67890750108682109e-10,5,0,0,0,0,0,0,0,0,2.68565798565082697e-13,0
4769398403.45896435,9.66220340636507689e-10,5,0,0,0,0,0,0,0,0,9.20651954153640629e-14,0
4782011930.16264248,9.64551812367812715e-10,6,0,0,0,0,0,0,0,0,2.10584912264222532e-13,0
4796831295.39799595,9.62818951719921975e-10,6,0,0,0,0,0,0,0,0,1.10361565623215929e-13,0
4813553600.41189289,9.61120822607959457e-10,5,0,0,0,0,0,0,0,0,1.60351388201423928e-13,0
4833324851.67503262,9.59431643344230554e-10,5,0,0,0,0,0,0,0,0,2.52419800986135135e-13,0
4855524065.8159008,9.57895080422435322e-10,5,0,0,0,0,0,0,0,0,2.87922267578797218e-13,0
4880459833.84187889,9.56510760892943449e-10,5,0,0,0,0,0,0,0,0,2.28224446877105366e-13,0
4907877987.26416111,9.55264786340236475e-10,5,0,0,0,0,0,0,0,0,1.13881629250636451e-13,0
4944563801.97719574,9.53934830079939812e-10,6,0,0,0,0,0,0,0,0,3.38409955839071519e-13,0
4984501730.01306343,9.52923367575894867e-10,5,0,0,0,0,0,0,0,0,1.85006873639419209e-13,0
5030112593.83940887,9.52161288775402019e-10,5,0,0,0,0,0,0,0,0,1.58477501212458681e-13,0
5080915359.0102129,9.51344007322110529e-10,5,0,0,0,0,0,0,0,0,3.83232085014890711e-13,0
5139975705.1474781,9.50019423352151391e-10,6,0,0,0,0,0,0,0,0,1.77966859228557328e-13,0
5205617214.95068359,9.48243413750799323e-10,5,0,0,0,0,0,0,0,0,1.38028484898740231e-13,0
5283339689.2976532,9.46143445106680185e-10,6,0,0,0,0,0,0,0,0,1.3339803864943319e-13,0
5370138256.25824642,9.43993034188084944e-10,7,0,0,0,0,0,0,0,0,2.51662118190217608e-13,0
5473909517.92153263,9.41659567842473267e-10,5,0,0,0,0,0,0,0,0,4.12100640184284892e-13,0
5592467832.01192093,9.39349906790693782e-10,5,0,0,0,0,0,0,0,0,4.35248393728042828e-13,0
5721925112.54662037,9.3736852448928544e-10,6,0,0,0,0,0,0,0,0,1.95757967963401931e-13,0
5850122106.99691486,9.35829773344136402e-10,5,0,0,0,0,0,0,0,0,4.31623717360681558e-13,0
5998795655.09739304,9.34399767784014581e-10,5,0,0,0,0,0,0,0,0,1.83321696855402868e-13,0
6158733945.01722527,9.33235036447005951e-10,6,0,0,0,0,0,0,0,0,3.73351711232066213e-13,0
6349381177.84876537,9.32240700721010217e-10,6,0,0,0,0,0,0,0,0,1.13960235993257179e-13,0
6557969905.48008537,9.31470045416347489e-10,6,0,0,0,0,0,0,0,0,2.06859998977619494e-13,0
6791167782.36255932,9.30887608721298591e-10,6,0,0,0,0,0,0,0,0,2.58616703465189314e-13,0
6937334447.7528677,9.3065951318695439e-10,13,0,0,0,0,0,0,0,0,4.11235536695690872e-13,0
7058655693.04932404,9.30555438886480783e-10,15,0,0,0,0,0,0,0,0,2.92839273538802995e-13,0
7088506715.23217487,9.30545964712972953e-10,9,0,0,0,0,0,0,0,0,3.36113746783614426e-13,0
7138249705.85364532,9.30563027131872195e-10,6,0,0,0,0,0,0,0,0,1.78340518874724864e-13,0
7152408788.41649055,9.3058026963791458e-10,8,0,0,0,0,0,0,0,0,4.67766778495568628e-13,0
7179280758.32741547,9.3064819892065734e-10,6,0,0,0,0,0,0,0,0,3.08279043574548478e-13,0
7187223334.6821537,9.30684120261797479e-10,7,0,0,0,0,0,0,0,0,5.06176302677376499e-13,0
7200708686.78437328,9.30786875330419348e-10,6,0,0,0,0,0,0,0,0,3.81400657504139242e-13,0
7204617026.92063618,9.30835696027808944e-10,8,0,0,0,0,0,0,0,0,3.71252412809389619e-13,0
7210424061.99109745,9.479502975851371e-10,9,0,0,0,0,0,0,0,0,2.56723252888612845e-14,0
7211932893.88754272,1.22516029608267365e-09,8,0,0,0,0,0,0,0,0,2.91850529530191256e-13,0
7214271939.07739067,2.26528666504302794e-09,6,0,0,0,0,0,0,0,0,1.37094375597695624e-13,0
7214897362.8857708,2.91083670868941698e-09,9,0,0,0,0,0,0,0,0,2.58171147514651998e-14,0
7215891156.58404732,5.39829697077828494e-09,7,0,0,0,0,0,0,0,0,2.41181329767151675e-13,0
7216158209.35879517,6.96932620121723679e-09,8,0,0,0,0,0,0,0,0,3.39821594075108205e-13,0
7216581167.25087166,1.31832312931260387e-08,9,0,0,0,0,0,0,0,0,2.85647481215456384e-13,0
7216692436.21759129,1.71280914775732747e-08,9,0,0,0,0,0,0,0,0,2.24195600557111472e-14,0
7216865700.46676636,3.28000200535313199e-08,8,0,0,0,0,0,0,0,0,2.18426328934454502e-14,0
7216910864.22051334,4.28106771836503798e-08,10,0,0,0,0,0,0,0,0,2.15843546118635969e-14,0
7216980677.90686417,8.30804658983747702e-08,9,0,0,0,0,0,0,0,0,2.22067368250996811e-14,0
7216998776.94526577,1.09133036500184351e-07,8,0,0,0,0,0,0,0,0,1.74972460496318361e-13,0
7217026561.6594286,2.16595709422162987e-07,10,0,0,0,0,0,0,0,0,1.01777162203568412e-14,0
7217033677.32627869,2.87382654014292479e-07,8,0,0,0,0,0,0,0,0,3.91328808524253958e-13,0
7217044457.75413609,5.90137673774088738e-07,9,0,0,0,0,0,0,0,0,4.65606127298142261e-13,0
7217047167.34154987,7.94966014939698746e-07,10,0,0,0,0,0,0,0,0,4.37593514040948992e-14,0
7217051193.63179016,1.7274753122509244e-06,9,0,0,0,0,0,0,0,0,2.92528113131649219e-13,0
7217052177.76354599,2.3900104269427535e-06,8,0,0,0,0,0,0,0,0,1.8014726601291674e-13,0
7217053596.72335052,5.91295925529760087e-06,7,0,0,0,0,0,0,0,0,4.0507260400568098e-13,0
7217053924.77602196,8.75900300078762565e-06,8,0,0,0,0,0,0,0,0,2.80815577201600451e-13,0
7217054035.66536427,1.03657149475116645e-05,9,0,0,0,0,0,0,0,0,2.18615970363879081e-13,0
7217054249.07687759,1.60225821454377412e-05,8,0,0,0,0,0,0,0,0,1.02195623264447451e-13,0
7217054316.55696106,1.93243231296209947e-05,8,0,0,0,0,0,0,0,0,3.58241583036133561e-13,0
7217054454.00833893,3.34426040086844474e-05,7,0,0,0,0,0,0,0,0,2.3788019112344882e-13,0
7217054497.22241306,4.33916643738981186e-05,8,0,0,0,0,0,0,0,0,3.25615536315936017e-13,0
7217054568.39796448,8.71669432156984289e-05,8,0,0,0,0,0,0,0,0,2.94294188102800546e-14,0
7217054586.99826813,0.000118038560235960417,10,0,0,0,0,0,0,0,0,1.38661346853718483e-13,0
7217054612.6105814,0.000238892958267979632,11,0,0,0,0,0,0,0,0,2.17842005217449945e-13,0
7217054618.92771149,0.000316281059704686524,8,0,0,0,0,0,0,0,0,4.0613151247651509e-13,0
7217054628.33353233,0.000626661360355908561,7,0,0,0,0,0,0,0,0,3.82214749013545275e-13,0
7217054630.77101898,0.000831726564883622163,9,0,0,0,0,0,0,0,0,2.26940491158883714e-13,0
7217054634.50470257,0.00171892530736663263,7,0,0,0,0,0,0,0,0,5.10729151279786641e-13,0
7217054635.44942284,0.00232378643198449591,10,0,0,0,0,0,0,0,0,2.24542906449613497e-13,0
7217054636.85721493,0.00505362188039689287,9,0,0,0,0,0,0,0,0,3.00960849728547886e-13,0
7217054637.19946289,0.00691555531705569278,9,0,0,0,0,0,0,0,0,2.72455931299404762e-14,0
7217054637.69664955,0.0149061876918031924,10,0,0,0,0,0,0,0,0,1.81309267571414185e-14,0
7217054637.81788063,0.0199985105483353361,10,0,0,0,0,0,0,0,0,2.58094782090899671e-14,0
7217054637.99822998,0.0381607391287572331,9,0,0,0,0,0,0,0,0,1.95968206794748109e-13,0
7217054638.12889576,0.0862649906126252142,22,0,0,0,0,0,0,0,0,2.09030915259593361e-14,0
7217054638.16088676,0.112483556700295834,8,0,0,0,0,0,0,0,0,2.51626302259777557e-13,0
7217054638.20768642,0.177118904870262772,8,0,0,0,0,0,0,0,0,2.38661073610763822e-14,0
7217054638.2626276,0.337738632921058046,7,0,0,0,0,0,0,0,0,2.03549416905035585e-13,0
7217054638.31301594,0.644751081352919475,16,0,0,0,0,0,0,0,0,3.53231333072301368e-13,0
7217054638.32288837,0.724955528151859152,25,0,0,0,0,0,0,0,0,2.71586040206884932e-13,0
7217054638.33495235,0.816732182918316063,6,0,0,0,0,0,0,0,0,1.78385084481647027e-13,0
7217054638.34824181,0.882757902685332052,6,0,0,0,0,0,0,0,0,2.59930965640364775e-13,0
7217054638.35460091,0.893400833425784469,17,0,0,0,0,0,0,0,0,2.77444733853826619e-13,0
7217054638.36249924,0.889989549897250876,6,0,0,0,0,0,0,0,0,2.4517193008209727e-13,0
7217054638.37162018,0.873780982439490983,7,0,0,0,0,0,0,0,0,1.85170854098690228e-13,0
7217054638.38085747,0.853943463828195859,5,0,0,0,0,0,0,0,0,2.16891525489408164e-13,0
7217054638.38511848,0.843791865261999008,21,0,0,0,0,0,0,0,0,2.10317218822243469e-13,0
7217054638.39045238,0.830216811162097557,7,0,0,0,0,0,0,0,0,1.68830868672994751e-13,0
7217054638.39684582,0.813612656416071722,5,0,0,0,0,0,0,0,0,2.45855509459418726e-13,0
7217054638.40614796,0.790078213578845667,8,0,0,0,0,0,0,0,0,1.4074098396644177e-13,0
7217054638.41869831,0.759946740071194005,6,0,0,0,0,0,0,0,0,3.6585312966554815e-13,0
7217054638.43201733,0.729750605589074008,7,0,0,0,0,0,0,0,0,1.54321000422896759e-13,0
7217054638.44722366,0.697230845023354306,6,0,0,0,0,0,0,0,0,4.68891402230698544e-13,0
7217054638.46770573,0.656343511442392558,7,0,0,0,0,0,0,0,0,1.19366877188544548e-13,0
7217054638.4981451,0.60102925675628649,8,0,0,0,0,0,0,0,0,2.79252586566987046e-14,0
7217054638.53370571,0.543400554567487815,9,0,0,0,0,0,0,0,0,1.30900824034385632e-13,0
7217054638.56608677,0.496316036998625199,7,0,0,0,0,0,0,0,0,2.61641972193818462e-13,0
7217054638.60423088,0.446326856978220332,9,0,0,0,0,0,0,0,0,2.87281006975440163e-14,0
7217054638.65768623,0.38468084729190033,17,0,0,0,0,0,0,0,0,1.71942078423812191e-13,0
7217054638.70599174,0.336244492116515747,7,0,0,0,0,0,0,0,0,3.47480724749438252e-13,0
7217054638.75554943,0.292747369648068578,7,0,0,0,0,0,0,0,0,2.82719492799981594e-13,0
7217054638.81902981,0.244939604841078157,5,0,0,0,0,0,0,0,0,3.46167539078123809e-13,0
7217054638.88669872,0.202336293435353698,6,0,0,0,0,0,0,0,0,3.77281539343243821e-13,0
7217054638.90592861,0.191610658160822095,19,0,0,0,0,0,0,0,0,2.48079334852491229e-13,0
7217054638.93045044,0.178734232322917158,5,0,0,0,0,0,0,0,0,3.45945494473198778e-13,0
7217054638.95842743,0.165096904293096508,5,0,0,0,0,0,0,0,0,2.85993451143440325e-13,0
7217054638.99671364,0.148243011458528778,5,0,0,0,0,0,0,0,0,2.11249973716054453e-13,0
7217054639.03045654,0.135146961494095441,12,0,0,0,0,0,0,0,0,1.60482738209566378e-13,0
7217054639.06311893,0.124021968191839208,9,0,0,0,0,0,0,0,0,7.34412530789541051e-14,0
7217054639.09570217,0.114398340071846918,7,0,0,0,0,0,0,0,0,3.44391182238723559e-13,0
7217054639.13609219,0.104482269945096226,6,0,0,0,0,0,0,0,0,2.65945774261391607e-13,0
7217054639.19159126,0.122780742842888119,6,0,0,0,0,0,0,0,0,2.12828376859398906e-13,0
7217054639.24625778,0.142444042710689195,6,0,0,0,0,0,0,0,0,2.45137243837234564e-13,0
7217054639.32495499,0.174793734236822984,7,0,0,0,0,0,0,0,0,3.48832074337224185e-13,0
7217054639.43307686,0.230188347518785918,8,0,0,0,0,0,0,0,0,1.86073378927176236e-13,0
7217054639.53648376,0.300760270553431797,8,0,0,0,0,0,0,0,0,3.80806497446428693e-13,0
7217054639.64487171,0.403195070377540987,9,0,0,0,0,0,0,0,0,3.361755318564974e-13,0
7217054639.66796207,0.429142930373777154,27,0,0,0,0,0,0,0,0,4.07313072159354306e-14,0
7217054639.70080662,0.461389376507933047,7,0,0,0,0,0,0,0,0,4.68070027181965997e-13,0
7217054639.73003292,0.464140016283088375,16,0,0,0,0,0,0,0,0,2.70838906857306938e-13,0
7217054639.75742531,0.41805095598633174,7,0,0,0,0,0,0,0,0,2.67341704329737695e-13,0
7217054639.76640701,0.392277123190376276,20,0,0,0,0,0,0,0,0,3.80806497446428693e-13,0
7217054639.77758026,0.357701640371107188,5,0,0,0,0,0,0,0,0,3.97459842815806041e-13,0
7217054639.79244709,0.319006256588105885,5,0,0,0,0,0,0,0,0,4.44311254454987647e-13,0
7217054639.80764484,0.291740724687212016,5,0,0,0,0,0,0,0,0,1.78523862359725172e-13,0
7217054639.8228054,0.266098486328620265,6,0,0,0,0,0,0,0,0,2.59348098552436568e-13,0
7217054639.83679771,0.244707156732673708,5,0,0,0,0,0,0,0,0,4.38205027819549287e-13,0
7217054639.85026264,0.229567860846082938,5,0,0,0,0,0,0,0,0,3.26849658449646086e-13,0
7217054639.8631916,0.227921021993212791,6,0,0,0,0,0,0,0,0,1.82053924676832753e-13,0
7217054639.87799358,0.225083223993800485,6,0,0,0,0,0,0,0,0,1.23345778035854892e-13,0
7217054639.89932156,0.219600927883641883,5,0,0,0,0,0,0,0,0,3.98903132747818745e-13,0
7217054639.92399502,0.211786104833074057,7,0,0,0,0,0,0,0,0,9.29989626454823233e-14,0
7217054639.96004677,0.198696923421663924,5,0,0,0,0,0,0,0,0,3.63820085169663798e-13,0
7217054640.00980282,0.179410850916575965,6,0,0,0,0,0,0,0,0,3.03868041839905345e-13,0
7217054640.06707287,0.157602815816068137,5,0,0,0,0,0,0,0,0,2.00950367457153334e-13,0
7217054640.13018227,0.1356266581958952,6,0,0,0,0,0,0,0,0,3.39617223232835386e-13,0
7217054640.20226765,0.113427323653643733,6,0,0,0,0,0,0,0,0,3.84303699973997936e-13,0
7217054640.28179932,0.092538936259942195,8,0,0,0,0,0,0,0,0,2.17992290885149487e-13,0
7217054640.36519814,0.0743665454673654858,5,0,0,0,0,0,0,0,0,2.77028400219592186e-13,0
7217054640.45551491,0.0584996863417719185,6,0,0,0,0,0,0,0,0,3.5993430458347575e-13,0
7217054640.55492496,0.0449257968737956023,5,0,0,0,0,0,0,0,0,6.10150818758370406e-13,0
7217054640.68312263,0.0393187743628122671,6,0,0,0,0,0,0,0,0,9.79355485597466213e-14,0
7217054640.83691406,0.0355589415930416888,7,0,0,0,0,0,0,0,0,2.51271226048288554e-13,0
7217054641.00176525,0.0345196464182154078,5,0,0,0,0,0,0,0,0,3.96849220152262205e-13,0
7217054641.18122768,0.0485447874868701265,8,0,0,0,0,0,0,0,0,1.72778458207289987e-13,0
7217054641.35721207,0.0675261532455659341,6,0,0,0,0,0,0,0,0,3.05977465586693143e-13,0
7217054641.55149841,0.100512021173324334,7,0,0,0,0,0,0,0,0,2.49814058328468036e-13,0
7217054641.72811413,0.15514261398794163,8,0,0,0,0,0,0,0,0,1.13432882567983967e-13,0
7217054641.87736416,0.245175079067531831,12,0,0,0,0,0,0,0,0,3.03090885722667736e-13,0
7217054641.92217827,0.286799306773573404,19,0,0,0,0,0,0,0,0,5.42288436378157712e-13,0
7217054641.97613335,0.349670051383146718,5,0,0,0,0,0,0,0,0,4.27713420236841557e-13,0
7217054642.03923416,0.434590865220182254,6,0,0,0,0,0,0,0,0,4.14168699336414647e-13,0
7217054642.05759335,0.453678033564018757,24,0,0,0,0,0,0,0,0,2.05058192648266413e-13,0
7217054642.07991505,0.457186213880012793,5,0,0,0,0,0,0,0,0,2.76834111190282783e-13,0
7217054642.10429287,0.418733565586596634,7,0,0,0,0,0,0,0,0,3.4981499108527477e-14,0
7217054642.1128149,0.394710929328253968,26,0,0,0,0,0,0,0,0,1.66866520601161028e-13,0
7217054642.12353802,0.360931842150639781,6,0,0,0,0,0,0,0,0,4.10671496808845404e-13,0
7217054642.1388073,0.314130813201406289,6,0,0,0,0,0,0,0,0,3.48610029732299154e-13,0
7217054642.15459061,0.273054373877301026,5,0,0,0,0,0,0,0,0,4.66293670342565747e-13,0
7217054642.16177464,0.256275874729865683,20,0,0,0,0,0,0,0,0,8.08426397282212028e-14,0
7217054642.17074108,0.236771673863308468,8,0,0,0,0,0,0,0,0,9.03220625694035452e-14,0
7217054642.18140411,0.215983931992879852,5,0,0,0,0,0,0,0,0,4.40869563078649662e-13,0
7217054642.19696045,0.190253431025875996,5,0,0,0,0,0,0,0,0,3.85580456452316866e-13,0
7217054642.21837711,0.162046297969582864,6,0,0,0,0,0,0,0,0,2.95652391457679187e-13,0
7217054642.24106121,0.138809897535074195,5,0,0,0,0,0,0,0,0,4.09783318389145279e-13,0
7217054642.26393986,0.120186398882554682,5,0,0,0,0,0,0,0,0,3.69371200292789581e-13,0
7217054642.29536343,0.100006618582225038,5,0,0,0,0,0,0,0,0,3.74200670449909012e-13,0
7217054642.33196545,0.0821203094019478802,5,0,0,0,0,0,0,0,0,2.71893618730700837e-13,0
7217054642.38021564,0.0646629030076201899,5,0,0,0,0,0,0,0,0,3.77503583948168853e-13,0
7217054642.4274559,0.0521709535178597403,7,0,0,0,0,0,0,0,0,2.61901611509074428e-13,0
7217054642.47476292,0.0427498464651600088,6,0,0,0,0,0,0,0,0,4.72427652553619737e-13,0
7217054642.52984715,0.0345490622305872075,6,0,0,0,0,0,0,0,0,1.03417274743833332e-13,0
7217054642.58815193,0.0281394930716229799,5,0,0,0,0,0,0,0,0,4.25062762765548996e-13,0
7217054642.65047264,0.0230782364775010441,5,0,0,0,0,0,0,0,0,4.3659520443384281e-13,0
7217054642.74106312,0.0178873345160224795,6,0,0,0,0,0,0,0,0,4.3153675077789444e-13,0
7217054642.84868526,0.0138002926556570378,9,0,0,0,0,0,0,0,0,9.51853272903308891e-14,0
7217054642.97887421,0.0126148131533998301,8,0,0,0,0,0,0,0,0,3.30221960886944998e-13,0
7217054643.1219635,0.0129097077211009718,7,0,0,0,0,0,0,0,0,1.71515579516778871e-13,0
7217054643.29221153,0.013128607013674274,8,0,0,0,0,0,0,0,0,2.03274896914962255e-14,0
7217054643.48286057,0.0131834396813043323,6,0,0,0,0,0,0,0,0,2.91204560465274653e-13,0
7217054643.7227869,0.0129413875100086971,7,0,0,0,0,0,0,0,0,4.6732409608729597e-13,0
7217054643.99290848,0.0122567303548035515,7,0,0,0,0,0,0,0,0,4.98266358728294279e-13,0
7217054644.33086109,0.0108979988005004948,8,0,0,0,0,0,0,0,0,8.04686178801361507e-14,0
7217054644.71267033,0.00903187151304570522,8,0,0,0,0,0,0,0,0,1.95284760584613082e-13,0
7217054645.17406559,0.00683314877843780102,6,0,0,0,0,0,0,0,0,3.39804573368240881e-13,0
7217054645.69112301,0.00487096154732037309,6,0,0,0,0,0,0,0,0,3.88983983912183362e-13,0
7217054646.24296379,0.00342945532368382896,10,0,0,0,0,0,0,0,0,3.11507610757536757e-14,0
7217054646.82694244,0.00243800510590996833,7,0,0,0,0,0,0,0,0,1.57484268681340467e-13,0
7217054647.45314789,0.00176490832372755966,9,0,0,0,0,0,0,0,0,6.32506200193283519e-14,0
7217054648.17791271,0.00127459091362808132,6,0,0,0,0,0,0,0,0,2.47614428960929445e-13,0
7217054649.01199436,0.000924049128537481252,8,0,0,0,0,0,0,0,0,2.51308088922153061e-13,0
7217054649.89980698,0.000689270650682342065,6,0,0,0,0,0,0,0,0,1.82767429662833436e-13,0
7217054651.01438141,0.000508875190062882095,10,0,0,0,0,0,0,0,0,2.38429068155632251e-14,0
7217054652.28279495,0.000416039306057245674,7,0,0,0,0,0,0,0,0,1.95469725475239109e-13,0
7217054653.96590233,0.000330225276677123124,8,0,0,0,0,0,0,0,0,2.51341891103157042e-13,0
7217054655.87274075,0.00027551436501305291,11,0,0,0,0,0,0,0,0,2.45693222711285131e-14,0
7217054658.21182632,0.000227537846732819398,7,0,0,0,0,0,0,0,0,2.84669315030183778e-13,0
7217054660.85815144,0.00018902759390471827,7,0,0,0,0,0,0,0,0,1.92450656105735973e-13,0
7217054663.93937206,0.000156962572652779463,9,0,0,0,0,0,0,0,0,8.85954392016725208e-14,0
7217054667.35501385,0.00013145118117645593,6,0,0,0,0,0,0,0,0,2.66343154128878545e-13,0
7217054671.56105804,0.000108897892846800939,9,0,0,0,0,0,0,0,0,3.09357628489742575e-13,0
7217054676.3270731,9.071387593828707e-05,7,0,0,0,0,0,0,0,0,2.32141400286628441e-13,0
7217054682.27108669,7.46367117801722321e-05,6,0,0,0,0,0,0,0,0,3.53563153147190556e-13,0
7217054688.97638607,6.18897485339013696e-05,7,0,0,0,0,0,0,0,0,1.52801545288266949e-13,0
7217054697.24068546,5.08306878237090129e-05,7,0,0,0,0,0,0,0,0,2.66023178962723761e-13,0
7217054706.53062916,4.21249587151009377e-05,6,0,0,0,0,0,0,0,0,1.96654026613299338e-13,0
7217054717.9997139,3.45772045920817925e-05,6,0,0,0,0,0,0,0,0,4.68148076185857798e-13,0
7217054730.89893913,2.86460453806131397e-05,6,0,0,0,0,0,0,0,0,2.85855377996774296e-13,0
7217054746.96156597,2.34753648533186267e-05,6,0,0,0,0,0,0,0,0,6.25830713207181644e-13,0
7217054765.06678772,1.94207221403032002e-05,9,0,0,0,0,0,0,0,0,2.93559406926331701e-13,0
7217054787.59575176,1.5900518976135199e-05,7,0,0,0,0,0,0,0,0,2.9388784564569545e-13,0
7217054812.95681858,1.31504551510376779e-05,6,0,0,0,0,0,0,0,0,5.55778710000735116e-13,0
7217054844.48869801,1.07679282246397637e-05,7,0,0,0,0,0,0,0,0,1.12948923363968039e-13,0
7217054879.97696686,8.90853954659740769e-06,7,0,0,0,0,0,0,0,0,4.50443446038391142e-13,0
7217054924.17788124,7.29584387209599805e-06,9,0,0,0,0,0,0,0,0,6.02375016456458641e-14,0
7217054973.94391537,6.03771986335525872e-06,6,0,0,0,0,0,0,0,0,1.56194782144857252e-13,0
7217055035.99255943,4.94601186257621681e-06,9,0,0,0,0,0,0,0,0,2.30350345731527434e-13,0
7217055105.85689068,4.09474222308891592e-06,8,0,0,0,0,0,0,0,0,4.17224238556494764e-14,0
7217055192.95925713,3.3562402690214723e-06,6,0,0,0,0,0,0,0,0,4.26387508742527566e-13,0
7217055291.01462936,2.78047461702298258e-06,6,0,0,0,0,0,0,0,0,3.02712859153472878e-13,0
7217055413.30749702,2.28068573340491929e-06,7,0,0,0,0,0,0,0,0,1.30800411666620424e-13,0
7217055550.98482323,1.89090866365538301e-06,8,0,0,0,0,0,0,0,0,5.35059144004547925e-13,0
7217055722.75854969,1.55231669551627023e-06,9,0,0,0,0,0,0,0,0,1.95592189498753136e-14,0
7217055916.16308022,1.28813175797327357e-06,6,0,0,0,0,0,0,0,0,3.67540622756853215e-13,0
7217056157.39528751,1.05858709542551039e-06,6,0,0,0,0,0,0,0,0,2.6586748170740333e-13,0
7217056428.97698593,8.79391490705806343e-07,9,0,0,0,0,0,0,0,0,4.75497072949639457e-14,0
7217056767.67570496,7.23597827774149256e-07,8,0,0,0,0,0,0,0,0,2.37979055740748581e-14,0
7217057148.96800709,6.01888679774821507e-07,7,0,0,0,0,0,0,0,0,3.51796684146900079e-13,0
7217057624.67437267,4.95955294589062317e-07,7,0,0,0,0,0,0,0,0,2.07789683108990163e-13,0
7217058160.25096416,4.13137331601232944e-07,9,0,0,0,0,0,0,0,0,2.53234138082673301e-13,0
7217058828.57580376,3.40994321359002887e-07,7,0,0,0,0,0,0,0,0,2.004726281694077e-14,0
7217059581.00149727,2.8456167013780985e-07,6,0,0,0,0,0,0,0,0,6.54376249219474455e-13,0
7217060519.98937798,2.35370229216564996e-07,7,0,0,0,0,0,0,0,0,2.30082355412565369e-13,0
7217061577.11723328,1.96871928663568782e-07,7,0,0,0,0,0,0,0,0,2.82192498154062717e-14,0
7217062896.5261488,1.63292944955406697e-07,8,0,0,0,0,0,0,0,0,1.51491564286699104e-14,0
7217064381.94591141,1.53877458325553264e-07,8,0,0,0,0,0,0,0,0,2.15319077614685813e-13,0
7217066236.16998482,1.56733095961796493e-07,8,0,0,0,0,0,0,0,0,4.74911824534459163e-14,0
7217068323.71323395,1.59948880815175231e-07,9,0,0,0,0,0,0,0,0,3.63422621629549177e-14,0
7217070929.5604887,1.64017718286899498e-07,8,0,0,0,0,0,0,0,0,8.40379929699787458e-15,0
7217073863.2993927,1.68717295076357346e-07,6,0,0,0,0,0,0,0,0,3.1677094734735195e-13,0
7217077525.44740105,1.74828724935707094e-07,6,0,0,0,0,0,0,0,0,4.21885138423614961e-13,0
7217081648.31351089,1.82109735637668319e-07,6,0,0,0,0,0,0,0,0,2.73413107508420521e-13,0
7217086795.36348248,1.91926983698326056e-07,8,0,0,0,0,0,0,0,0,3.32545822602170461e-14,0
7217092590.0493021,2.04144905745751635e-07,7,0,0,0,0,0,0,0,0,3.88695506825879447e-14,0
7217099824.5298996,2.21548432847616048e-07,8,0,0,0,0,0,0,0,0,1.65869445587588861e-13,0
7217107969.38555241,2.44815853756173718e-07,9,0,0,0,0,0,0,0,0,2.80597058393652242e-14,0
7217118133.96562386,2.81376034792254488e-07,9,0,0,0,0,0,0,0,0,1.74179845552578098e-14,0
7217129580.47167873,3.37841363984148981e-07,6,0,0,0,0,0,0,0,0,6.73519361520092864e-13,0
7217143752.64730644,4.48544919867977182e-07,6,0,0,0,0,0,0,0,0,3.56940995272608741e-13,0
7217157948.95497227,6.66093400358632747e-07,12,0,0,0,0,0,0,0,0,2.60062672576734747e-13,0
7217169618.60361576,1.09857586304106475e-06,16,0,0,0,0,0,0,0,0,3.09745469075693054e-13,0
7217173578.69886208,1.39410384273848894e-06,19,0,0,0,0,0,0,0,0,4.28343072342578408e-13,0
7217178798.78243923,2.10252829983823063e-06,6,0,0,0,0,0,0,0,0,3.89707171325186664e-13,0
7217184632.88464165,3.79789710020644073e-06,6,0,0,0,0,0,0,0,0,2.72431987789777987e-13,0
7217186233.98593998,4.36910220899282488e-06,25,0,0,0,0,0,0,0,0,1.9852628452298772e-13,0
7217188113.25396824,4.63403433818131403e-06,8,0,0,0,0,0,0,0,0,3.1221359073323292e-13,0
7217190151.63263798,3.99811127305753854e-06,7,0,0,0,0,0,0,0,0,7.61154313846424974e-14,0
7217190927.24300766,3.56867329483015002e-06,23,0,0,0,0,0,0,0,0,1.16733398655705481e-13,0
7217191917.19101334,3.01636181167731052e-06,5,0,0,0,0,0,0,0,0,1.90411851004538204e-13,0
7217193343.289464,2.36880355940528279e-06,7,0,0,0,0,0,0,0,0,1.29969383324186432e-14,0
7217194799.33344746,1.90957981960622705e-06,8,0,0,0,0,0,0,0,0,3.26582895587303711e-14,0
7217196166.57303905,1.58973256207942857e-06,13,0,0,0,0,0,0,0,0,2.75902736896069327e-13,0
7217197416.37841606,1.36004082941066919e-06,8,0,0,0,0,0,0,0,0,2.38295121568610378e-14,0
7217198592.8893013,1.1940043702694453e-06,7,0,0,0,0,0,0,0,0,3.38577091337562575e-13,0
7217199716.13337517,1.07213157356628234e-06,6,0,0,0,0,0,0,0,0,2.47059757905749439e-14,0
7217201000.15863228,1.10720958162482411e-06,7,0,0,0,0,0,0,0,0,2.11259786902941124e-13,0
7217202814.30875778,1.20173197675631553e-06,7,0,0,0,0,0,0,0,0,4.00115403760830258e-13,0
7217204870.5125494,1.28086933080798538e-06,5,0,0,0,0,0,0,0,0,5.81528331549824995e-13,0
7217207659.08519077,1.328182351042868e-06,5,0,0,0,0,0,0,0,0,7.02016897889183003e-13,0
7217211235.29878044,1.27584091030677849e-06,5,0,0,0,0,0,0,0,0,4.24676834969210983e-13,0
7217215270.07607269,1.09480675450208135e-06,5,0,0,0,0,0,0,0,0,4.89235007253411875e-13,0
7217219446.64935875,8.63602005896385055e-07,5,0,0,0,0,0,0,0,0,2.32345655604856911e-13,0
7217223685.7130785,6.66309483993716362e-07,7,0,0,0,0,0,0,0,0,5.28275785890305557e-13,0
7217227721.23009491,5.32924918024999525e-07,6,0,0,0,0,0,0,0,0,2.38780754117749868e-13,0
7217231556.25765324,4.44677048347084212e-07,6,0,0,0,0,0,0,0,0,2.11543829692977209e-13,0
7217235835.9344635,3.76452439552192126e-07,8,0,0,0,0,0,0,0,0,1.30483231983815542e-13,0
7217240372.26180172,3.26836034191014711e-07,7,0,0,0,0,0,0,0,0,1.66799032404055594e-13,0
7217245642.92999363,2.91376353252462205e-07,7,0,0,0,0,0,0,0,0,1.75321300666374811e-13,0
7217252081.81843853,2.89371337395874595e-07,5,0,0,0,0,0,0,0,0,3.33303967769044444e-13,0
7217260510.43011665,2.75308510622807593e-07,6,0,0,0,0,0,0,0,0,3.19487118052554303e-13,0
7217270651.97476864,2.47885550009488234e-07,6,0,0,0,0,0,0,0,0,5.49281054087898373e-13,0
7217282400.82132721,2.09797230947975739e-07,6,0,0,0,0,0,0,0,0,5.45451761599567123e-13,0
7217294714.91113472,1.7454172143488561e-07,6,0,0,0,0,0,0,0,0,4.65574125700631231e-13,0
7217307955.21574306,1.51700550125850804e-07,7,0,0,0,0,0,0,0,0,9.24400131106668597e-14,0
7217324618.61911011,1.27179165816745319e-07,8,0,0,0,0,0,0,0,0,4.00465748373484004e-14,0
7217347611.97856903,1.04720837745321634e-07,12,0,0,0,0,0,0,0,0,4.44775615783773686e-13,0
7217369758.95156479,8.73421805193695343e-08,7,0,0,0,0,0,0,0,0,1.55894152059782343e-13,0
7217390780.79126549,7.43492486092129088e-08,7,0,0,0,0,0,0,0,0,2.42094115714474532e-13,0
7217415324.68616772,6.26793232737447386e-08,7,0,0,0,0,0,0,0,0,2.84359488509877182e-13,0
7217443106.92510605,5.36453482754171237e-08,5,0,0,0,0,0,0,0,0,3.4253138463367554e-13,0
7217472993.59092426,4.75101269937979692e-08,6,0,0,0,0,0,0,0,0,1.56910601615299083e-13,0
7217520525.87837505,4.00882296542302142e-08,9,0,0,0,0,0,0,0,0,3.9737197692504869e-13,0
7217585447.46417904,3.29383565463570442e-08,10,0,0,0,0,0,0,0,0,1.57448414345783454e-14,0
7217664341.77629185,2.7015114713351227e-08,6,0,0,0,0,0,0,0,0,7.3357381025305419e-13,0
7217752668.53976822,2.24464168417460305e-08,9,0,0,0,0,0,0,0,0,1.92080180947762451e-13,0
7217851712.33506584,1.88802318847935885e-08,6,0,0,0,0,0,0,0,0,2.91256624854155076e-13,0
7217959986.86766624,1.61098663604900295e-08,10,0,0,0,0,0,0,0,0,3.0967007416827098e-13,0
7218075005.03784657,1.39759314141596117e-08,7,0,0,0,0,0,0,0,0,3.28424666154094785e-13,0
7218226172.7573576,1.19529594656430929e-08,7,0,0,0,0,0,0,0,0,3.76390092875218564e-13,0
7218401520.86985302,1.15107086590038811e-08,10,0,0,0,0,0,0,0,0,3.24674943606647636e-13,0
7218627325.32553196,1.21622064403869706e-08,8,0,0,0,0,0,0,0,0,1.9176389218149068e-13,0
7218882295.67214012,1.27430293455795027e-08,9,0,0,0,0,0,0,0,0,1.90094064095063092e-14,0
7219191391.23802948,1.31782023525340543e-08,9,0,0,0,0,0,0,0,0,1.4568878811451327e-13,0
7219536557.33893776,1.32013947843648971e-08,9,0,0,0,0,0,0,0,0,1.25087195044113588e-13,0
7219960918.33452034,1.2458003436082673e-08,6,0,0,0,0,0,0,0,0,5.16719553382629085e-13,0
7220438154.06392097,1.08436867935789497e-08,8,0,0,0,0,0,0,0,0,2.02723572367842843e-13,0
7220877836.2966795,9.1204941311433735e-09,8,0,0,0,0,0,0,0,0,2.24637831971004529e-13,0
7221460757.92233372,7.18619366739870473e-09,7,0,0,0,0,0,0,0,0,1.81223000027278809e-13,0
7221688033.46028996,6.61797533980116383e-09,23,0,0,0,0,0,0,0,0,2.31084214852035433e-14,0
7222001170.32508564,5.98241288584587133e-09,6,0,0,0,0,0,0,0,0,4.51016173555883251e-13,0
7222425151.43026257,5.33696808868493503e-09,5,0,0,0,0,0,0,0,0,3.76938178191744616e-13,0
7222956399.57604218,4.78611598244594318e-09,6,0,0,0,0,0,0,0,0,3.29802330702016271e-13,0
7223550433.65983963,5.41054595329418769e-09,6,0,0,0,0,0,0,0,0,4.00048755746789426e-13,0
7224319662.49481869,6.50548281838163179e-09,7,0,0,0,0,0,0,0,0,1.2291217755475416e-13,0
7225168557.89960861,7.89082828829833497e-09,6,0,0,0,0,0,0,0,0,3.77054613022745967e-13,0
7226136795.95275497,9.37023928165315953e-09,7,0,0,0,0,0,0,0,0,3.93727550115300797e-13,0
7227385528.67456245,1.00637504337955308e-08,5,0,0,0,0,0,0,0,0,2.22677268560045581e-13,0
7227776373.18883419,9.85935060284339041e-09,19,0,0,0,0,0,0,0,0,3.20832954999372634e-13,0
7228310483.60305691,9.36019241374562343e-09,5,0,0,0,0,0,0,0,0,3.42535435676279264e-13,0
7228876083.41748905,8.72068015202173257e-09,10,0,0,0,0,0,0,0,0,4.98988624342183094e-13,0
7229429949.65586281,8.06721912734513594e-09,6,0,0,0,0,0,0,0,0,3.14701979614660692e-14,0
7230149090.70440388,7.27967058377292799e-09,6,0,0,0,0,0,0,0,0,2.58481936570857091e-13,0
7231295320.05649567,6.25197066773782042e-09,14,0,0,0,0,0,0,0,0,2.66661464057779036e-13,0
7232382934.42172527,5.52558902880691456e-09,5,0,0,0,0,0,0,0,0,2.62515586271179027e-13,0
7233535407.36358833,4.93964601329536287e-09,8,0,0,0,0,0,0,0,0,1.39943256533043564e-14,0
7234917179.32241535,4.3937474276285199e-09,6,0,0,0,0,0,0,0,0,2.99397519146225671e-13,0
7236290192.70942593,3.96641328669696951e-09,5,0,0,0,0,0,0,0,0,3.70135849801884087e-13,0
7237665419.91404915,3.62147001681488852e-09,5,0,0,0,0,0,0,0,0,2.71809655156145156e-13,0
7239175514.99876499,3.31515903011555049e-09,5,0,0,0,0,0,0,0,0,4.22240158158520461e-13,0
7241351318.37709904,2.96744436945023061e-09,6,0,0,0,0,0,0,0,0,3.23235710554652239e-13,0
7243737903.45699024,2.67028933613816157e-09,6,0,0,0,0,0,0,0,0,2.71494977531195829e-13,0
7246967506.57349396,2.35672934901839489e-09,5,0,0,0,0,0,0,0,0,3.47992519557243111e-13,0
7250625025.35188389,2.0848252038409944e-09,6,0,0,0,0,0,0,0,0,2.52134156399823728e-13,0
7254862072.79492188,1.84239610449064915e-09,7,0,0,0,0,0,0,0,0,3.41862052571384125e-13,0
7259516945.83966732,1.63792198913979362e-09,5,0,0,0,0,0,0,0,0,1.85612782589168499e-13,0
7265156796.03859329,1.44908203021651088e-09,6,0,0,0,0,0,0,0,0,4.05551567191747954e-13,0
7271467385.51191807,1.29053550268226733e-09,6,0,0,0,0,0,0,0,0,1.44604003133574121e-13,0
7278935712.5628624,1.15091323240871006e-09,6,0,0,0,0,0,0,0,0,3.82625848094697687e-13,0
7287416625.47603321,1.03437221630088881e-09,5,0,0,0,0,0,0,0,0,6.12663681353379241e-13,0
7297019431.10014439,9.63595841041839295e-10,7,0,0,0,0,0,0,0,0,4.3942936103357711e-13,0
7307721200.65918064,9.62120384381917351e-10,5,0,0,0,0,0,0,0,0,1.85147781887353976e-13,0
7320048644.12855434,9.60810304858966252e-10,5,0,0,0,0,0,0,0,0,2.61034278316003289e-13,0
7333976221.62876987,9.5967595800449598e-10,5,0,0,0,0,0,0,0,0,5.00262847975888799e-13,0
7350277371.38835812,9.58618111899959629e-10,6,0,0,0,0,0,0,0,0,1.81541224713821309e-13,0
7368640161.96545887,9.57606408053474134e-10,5,0,0,0,0,0,0,0,0,7.66749017809138779e-13,0
7390435354.65274811,9.56489608850358941e-10,8,0,0,0,0,0,0,0,0,2.5710884807521296e-13,0
7414947138.41566181,9.5527806717511257e-10,5,0,0,0,0,0,0,0,0,4.65888584583948971e-13,0
7443999720.22365093,9.53888603591968189e-10,7,0,0,0,0,0,0,0,0,3.92936820910712608e-13,0
7477149297.54101658,9.52492969563082458e-10,6,0,0,0,0,0,0,0,0,3.69226069276970985e-13,0
7513058819.72505951,9.51360451180592546e-10,6,0,0,0,0,0,0,0,0,5.48545049183533245e-13,0
7550368023.97578907,9.50587972329812901e-10,5,0,0,0,0,0,0,0,0,3.55049961204671678e-13,0
7598663514.08952999,9.49900234115533521e-10,5,0,0,0,0,0,0,0,0,6.33809690160002343e-13,0
7654671908.25743866,9.48984772840186791e-10,6,0,0,0,0,0,0,0,0,4.49886510634186915e-13,0
7719558558.41382027,9.47497871386459251e-10,6,0,0,0,0,0,0,0,0,2.96430043468143058e-13,0
7786317112.44733524,9.45855946362729507e-10,5,0,0,0,0,0,0,0,0,4.0298425474664225e-13,0
7837777556.22366714,9.44665094704870409e-10,5,0,0,0,0,0,0,0,0,4.51810269476244205e-13,0
7889238000,9.43521811850642771e-10,7,0,0,0,0,0,0,0,0,2.3206099130687732e-13,0
